{"cameraMode":{"drawMode":0,"name":"Shaded","section":"Shading Mode"},"sceneLighting":true,"audioPlay":false,"sceneViewState":{"showFog":true,"showMaterialUpdate":false,"showSkybox":true,"showFlares":true,"showImageEffects":true,"showParticleSystems":true},"in2DMode":false,"pivot":{"x":0.10995608568191529,"y":-6.184724807739258,"z":8.414346694946289},"rotation":{"x":-0.2958158850669861,"y":0.002002981025725603,"z":-0.0006203558295965195,"w":-0.9552456140518189},"size":10.573564529418946,"orthographic":false}