{"cameraMode":{"drawMode":0,"name":"Shaded","section":"Shading Mode"},"sceneLighting":true,"audioPlay":false,"sceneViewState":{"showFog":true,"showMaterialUpdate":false,"showSkybox":true,"showFlares":true,"showImageEffects":true,"showParticleSystems":true},"in2DMode":false,"pivot":{"x":2.3722541332244875,"y":-3.460972309112549,"z":12.058676719665528},"rotation":{"x":-0.19105201959609986,"y":-0.027384955435991288,"z":0.00533222034573555,"w":-0.9811834096908569},"size":11.925186157226563,"orthographic":false}